{
  "languageModel": {
    "types": [
      {
        "name": "LIST_OF_DRINKS",
        "values": [
          {
            "id": null,
            "name": {
              "value": "Coffee",
              "synonyms": []
            }
          },
          {
            "id": null,
            "name": {
              "value": "Margarita",
              "synonyms": []
            }
          },
          {
            "id": null,
            "name": {
              "value": "White Wine",
              "synonyms": []
            }
          },
          {
            "id": null,
            "name": {
              "value": "Topo Chico",
              "synonyms": [
                "sparkling mineral water"
              ]
            }
          },
          {
            "id": null,
            "name": {
              "value": "Water",
              "synonyms": []
            }
          },
          {
            "id": null,
            "name": {
              "value": "Alcohol",
              "synonyms": [
                "alcoholic"
              ]
            }
          },
          {
            "id": null,
            "name": {
              "value": "Tea",
              "synonyms": [
                "Hot Tea"
              ]
            }
          },
          {
            "id": null,
            "name": {
              "value": "Healthy",
              "synonyms": []
            }
          },
          {
            "id": null,
            "name": {
              "value": "Other",
              "synonyms": []
            }
          },
          {
            "id": null,
            "name": {
              "value": "Caffeine",
              "synonyms": [
                "caffeinated"
              ]
            }
          },
          {
            "id": null,
            "name": {
              "value": "Green Smoothie",
              "synonyms": []
            }
          },
          {
            "id": null,
            "name": {
              "value": "Cappuccino",
              "synonyms": []
            }
          },
          {
            "id": null,
            "name": {
              "value": "Cranberry Water",
              "synonyms": []
            }
          }
        ]
      },
      {
        "name": "PERIOD_OF_TIME",
        "values": [
          {
            "id": null,
            "name": {
              "value": "today",
              "synonyms": []
            }
          },
          {
            "id": null,
            "name": {
              "value": "this_week",
              "synonyms": []
            }
          }
        ]
      }
    ],
    "intents": [
      {
        "name": "AMAZON.CancelIntent",
        "samples": []
      },
      {
        "name": "AMAZON.HelpIntent",
        "samples": []
      },
      {
        "name": "AMAZON.StopIntent",
        "samples": [
          "Bye",
          "Goodbye"
        ]
      },
      {
        "name": "GetCalories",
        "samples": [
          "How far do I have to run because of {DrinkName} {TimeFrame}",
          "How many calories have I consumed of {DrinkName} {TimeFrame}",
          "How many push ups do I owe you {TimeFrame} because of {DrinkName}",
          "How many push ups do I owe you because of {DrinkName} {TimeFrame} "
        ],
        "slots": [
          {
            "name": "DrinkName",
            "type": "LIST_OF_DRINKS",
            "samples": [
              "{DrinkName}",
              "Because of {DrinkName}",
              "Due to {DrinkName}"
            ]
          },
          {
            "name": "TimeFrame",
            "type": "PERIOD_OF_TIME",
            "samples": [
              "{TimeFrame}",
              "for {TimeFrame}"
            ]
          }
        ]
      },
      {
        "name": "GetDrinkServings",
        "samples": [
          "How many servings of {DrinkName} have I had {TimeFrame}",
          "How many glasses of {DrinkName} have I had",
          "How many {DrinkName} glasses have I had {TimeFrame}",
          "How many {DrinkName} servings have I had {TimeFrame}",
          "How many cups of {DrinkName} have I had {TimeFrame}"
        ],
        "slots": [
          {
            "name": "DrinkName",
            "type": "LIST_OF_DRINKS",
            "samples": [
              "{DrinkName}",
              "for {DrinkName}",
              "of {DrinkName}"
            ]
          },
          {
            "name": "TimeFrame",
            "type": "PERIOD_OF_TIME",
            "samples": [
              "{TimeFrame}",
              "for {TimeFrame}"
            ]
          }
        ]
      }
    ],
    "invocationName": "lazy life log"
  },
  "prompts": [
    {
      "id": "Elicit.Intent-GetCalories.IntentSlot-DrinkName",
      "variations": [
        {
          "type": "PlainText",
          "value": "Because of which drink"
        }
      ]
    },
    {
      "id": "Elicit.Intent-GetCalories.IntentSlot-TimeFrame",
      "variations": [
        {
          "type": "PlainText",
          "value": "Today or this week?"
        }
      ]
    },
    {
      "id": "Elicit.Intent-GetDrinkServings.IntentSlot-DrinkName",
      "variations": [
        {
          "type": "PlainText",
          "value": "For what drink. You can either say the name of the drink or the type of drink."
        }
      ]
    },
    {
      "id": "Elicit.Intent-GetDrinkServings.IntentSlot-TimeFrame",
      "variations": [
        {
          "type": "PlainText",
          "value": "For today or this week"
        }
      ]
    }
  ],
  "dialog": {
    "intents": [
      {
        "name": "GetCalories",
        "confirmationRequired": false,
        "prompts": {},
        "slots": [
          {
            "name": "DrinkName",
            "type": "LIST_OF_DRINKS",
            "elicitationRequired": true,
            "confirmationRequired": false,
            "prompts": {
              "elicitation": "Elicit.Intent-GetCalories.IntentSlot-DrinkName"
            }
          },
          {
            "name": "TimeFrame",
            "type": "PERIOD_OF_TIME",
            "elicitationRequired": true,
            "confirmationRequired": false,
            "prompts": {
              "elicitation": "Elicit.Intent-GetCalories.IntentSlot-TimeFrame"
            }
          }
        ]
      },
      {
        "name": "GetDrinkServings",
        "confirmationRequired": false,
        "prompts": {},
        "slots": [
          {
            "name": "DrinkName",
            "type": "LIST_OF_DRINKS",
            "elicitationRequired": true,
            "confirmationRequired": false,
            "prompts": {
              "elicitation": "Elicit.Intent-GetDrinkServings.IntentSlot-DrinkName"
            }
          },
          {
            "name": "TimeFrame",
            "type": "PERIOD_OF_TIME",
            "elicitationRequired": true,
            "confirmationRequired": false,
            "prompts": {
              "elicitation": "Elicit.Intent-GetDrinkServings.IntentSlot-TimeFrame"
            }
          }
        ]
      }
    ]
  }
}